ASIN,Design,Size
B0DNKXYG1X,Antique Sand,60x240cm
B0D7J5NNJY,Antique Sand,80x150cm
B0D7J8HFFM,Antique Sand,122x170cm
B0D7J6G382,Antique Sand,152x213cm
B0D7F29Y9Z,Antique Sand,200x290cm
B0D7J4YC8G,Antique Sand,240x330cm
B0D7J7TLCM,Aesthetic Crimson Red,60x110cm
B0D7J8JHW4,Aesthetic Crimson Red,60x180cm
B0DNL6G4NF,Aesthetic Crimson Red,60x240cm
B0D7J6MTN2,Aesthetic Crimson Red,80x150cm
B0D7J69H1L,Aesthetic Crimson Red,122x170cm
B0D7J7MV6G,Aesthetic Crimson Red,152x213cm
B0D7F29THQ,Aesthetic Crimson Red,200x290cm
B0D7JPVJSM,Aesthetic Crimson Red,240x330cm
B0D7F2BCM3,Atlantis Blue & Brown,60x110cm
B0D7F29W3D,Atlantis Blue & Brown,60x180cm
B0DNLDLLG4,Atlantis Blue & Brown,60x240cm
B0D7J7726P,Atlantis Blue & Brown,80x150cm
B0D7F2B5RV,Atlantis Blue & Brown,122x170cm
B0D7J7726S,Atlantis Blue & Brown,152x213cm
B0D7JPW4KT,Atlantis Blue & Brown,200x290cm
B0D7J6WPZN,Atlantis Blue & Brown,240x330cm
B0D7J7F14B,Ashen Cream,60x180cm
B0DNKWT6LX,Ashen Cream,60x240cm
B0D7J7C42Q,Ashen Cream,80x150cm
B0D7JHXHMW,Ashen Cream,122x170cm
B0D7J71G7J,Ashen Cream,152x213cm
B0D7JL2324,Ashen Cream,200x290cm
B0D7J75Y6N,Ashen Cream,240x330cm
B0D7J53YPT,Sage & Blue,60x110cm
B0DNLGVGLY,Sage & Blue,60x240cm
B0D7J6XF58,Sage & Blue,80x150cm
B0D7JFX68R,Sage & Blue,122x170cm
B0D7J7HYVV,Sage & Blue,152x213cm
B0D7J4N13M,Sage & Blue,200x290cm
B0D7J5NFY4,Sage & Blue,240x330cm
B0D7J68PW6,Beige & Pink,60x180cm
B0DNLQ6K3R,Beige & Pink,60x240cm
B0D7J75Y6M,Beige & Pink,80x150cm
B0D7J7VC5R,Beige & Pink,122x170cm
B0D7J87RHN,Beige & Pink,152x213cm
B0D7JPVRK6,Beige & Pink,200x290cm
B0D7J768YJ,Beige & Pink,240x330cm
B0D7J47Z2G,Olive & Pumpkin,60x110cm
B0D7F29T1Q,Olive & Pumpkin,60x180cm
B0DNLGM14Z,Olive & Pumpkin,60x240cm
B0D7JHYDPQ,Olive & Pumpkin,80x150cm
B0D7JMQCVT,Olive & Pumpkin,122x170cm
B0D7F2BNM5,Olive & Pumpkin,152x213cm
B0D7J6W6BB,Olive & Pumpkin,200x290cm
B0D7J7C7C1,Olive & Pumpkin,240x330cm
B0D7JFWRZC,Charcoal Black,60x110cm
B0D7JHXC71,Charcoal Black,60x180cm
B0DNLK5FQZ,Charcoal Black,60x240cm
B0D7J6YW3G,Charcoal Black,80x150cm
B0D7JFX2PB,Charcoal Black,122x170cm
B0D7J4SN7H,Charcoal Black,152x213cm
B0D7J7X2HF,Charcoal Black,200x290cm
B0D7JBMFT4,Charcoal Black,240x330cm
B0D7J7T79K,Peach & Dark Khaki,60x110cm
B0D7J5NC14,Peach & Dark Khaki,60x180cm
B0DNL9RR84,Peach & Dark Khaki,60x240cm
B0D7J68SVW,Peach & Dark Khaki,80x150cm
B0D7J6D1JF,Peach & Dark Khaki,122x170cm
B0D7J6XJV5,Peach & Dark Khaki,152x213cm
B0D7J4TDVM,Peach & Dark Khaki,200x290cm
B0D7F29WJF,Peach & Dark Khaki,240x330cm
B0D7J6SHT4,Charcoal & Multicolour,60x110cm
B0D7J63XFQ,Charcoal & Multicolour,60x180cm
B0DNLGBFP5,Charcoal & Multicolour,60x240cm
B0D7J773W3,Charcoal & Multicolour,80x150cm
B0D7J4ZBRW,Charcoal & Multicolour,122x170cm
B0D7J7XZ22,Charcoal & Multicolour,152x213cm
B0D7J6TPC4,Charcoal & Multicolour,200x290cm
B0D7J7SHC8,Charcoal & Multicolour,240x330cm
B0D7J5ZDMB,Crimson Red & Navy,60x110cm
B0D7J7L422,Crimson Red & Navy,60x180cm
B0DNLGG74F,Crimson Red & Navy,60x240cm
B0D7J7MV6N,Crimson Red & Navy,80x150cm
B0D7J7BBWR,Crimson Red & Navy,122x170cm
B0D7F2BGWW,Crimson Red & Navy,152x213cm
B0D7JB7TZR,Crimson Red & Navy,200x290cm
B0D7JFWGG4,Crimson Red & Navy,240x330cm
B0D7J6X4L8,Burgundy Red & Blue,60x110cm
B0DNLKZXHL,Burgundy Red & Blue,60x240cm
B0D7JHXHMZ,Burgundy Red & Blue,80x150cm
B0D7J7HJCG,Burgundy Red & Blue,122x170cm
B0D7J77NNZ,Burgundy Red & Blue,152x213cm
B0D7J7QFHC,Burgundy Red & Blue,200x290cm
B0D7F29MRQ,Burgundy Red & Blue,240x330cm
B0D7JHXR2D,Light Salmon & Sky Blue,60x110cm
B0D7JBLPX2,Light Salmon & Sky Blue,60x180cm
B0DNLLHXB1,Light Salmon & Sky Blue,60x240cm
B0D7J6SGT8,Light Salmon & Sky Blue,80x150cm
B0D7J7CQ61,Light Salmon & Sky Blue,122x170cm
B0D7J6Z7L5,Light Salmon & Sky Blue,152x213cm
B0D7J6QML7,Light Salmon & Sky Blue,200x290cm
B0D7JPVWJG,Light Salmon & Sky Blue,240x330cm
B0D7J6J1XK,Light Blue & Silver,60x110cm
B0D7J6XLQF,Light Blue & Silver,60x180cm
B0DNLRWXYK,Light Blue & Silver,60x240cm
B0D7JHKDYM,Light Blue & Silver,80x150cm
B0D7J8X3SC,Light Blue & Silver,122x170cm
B0D7J6LFNM,Light Blue & Silver,152x213cm
B0D7J5XQ98,Light Blue & Silver,200x290cm
B0D7F29YJ6,Light Blue & Silver,240x330cm
B0D7F2BKTY,Red,60x180cm
B0DNLBMJDJ,Red,60x240cm
B0D7J765KY,Red,80x150cm
B0D7J7263N,Red,122x170cm
B0D7J6XT4L,Red,152x213cm
B0D7J6SDX1,Red,200x290cm
B0D7F2C49V,Red,240x330cm
B0D7F2CHBZ,Charcoal & Light Sienna,60x110cm
B0D7F2CZF2,Charcoal & Light Sienna,60x180cm
B0DNLS4WHT,Charcoal & Light Sienna,60x240cm
B0D7JHXHMY,Charcoal & Light Sienna,80x150cm
B0D7J5SZCX,Charcoal & Light Sienna,122x170cm
B0D7J5N6G9,Charcoal & Light Sienna,152x213cm
B0D7F2C5XW,Charcoal & Light Sienna,200x290cm
B0D7F2CY66,Charcoal & Light Sienna,240x330cm
B0D7J6ZPDS,Midnight Desert,60x110cm
B0D7F29YJ4,Midnight Desert,60x180cm
B0DNLTTLYJ,Midnight Desert,60x240cm
B0D7J5J964,Midnight Desert,80x150cm
B0D7J7ZZBW,Midnight Desert,122x170cm
B0D7J4TC9F,Midnight Desert,152x213cm
B0D7JBMH24,Midnight Desert,200x290cm
B0D7J6Z4FX,Midnight Desert,240x330cm
B0D7F29WY2,Beige & Indigo Blue,60x110cm
B0D7J69PMY,Beige & Indigo Blue,60x180cm
B0DNLGJ7FX,Beige & Indigo Blue,60x240cm
B0D7F2CHC1,Beige & Indigo Blue,80x150cm
B0D7J5QPRM,Beige & Indigo Blue,122x170cm
B0D7J6G3JN,Beige & Indigo Blue,152x213cm
B0D7J7GZK4,Beige & Indigo Blue,200x290cm
B0D7J85DK3,Beige & Indigo Blue,240x330cm
B0D7J4YXJL,Vintage Cream,60x110cm
B0D7J5K1X1,Vintage Cream,60x180cm
B0DNLLCHT3,Vintage Cream,60x240cm
B0D7J6RRMM,Vintage Cream,80x150cm
B0D7JPVSJC,Vintage Cream,122x170cm
B0D7J7762H,Vintage Cream,152x213cm
B0D7J62S7H,Vintage Cream,200x290cm
B0D7J7CJ9D,Vintage Cream,240x330cm
B0DNLQ6K3M,Dark Sage,60x110cm
B0DNLDVCP7,Dark Sage,60x240cm
B0DNL6P2GW,Dark Sage,80x150cm
B0DNKXWD1K,Dark Sage,122x170cm
B0DNLC1FKX,Dark Sage,152x213cm
B0DNLK63GJ,Dark Sage,200x290cm
B0DNKVMTXT,Dark Sage,240x330cm
B0DNLBHV9Z,Copper Globe,60x110cm
B0DNLPTXXG,Copper Globe,60x180cm
B0DZQFVW9F,Grey & Black Inkflow,60x110cm
B0DZQ643XD,Grey & Black Inkflow,60x180cm
B0DZQJKL2N,Grey & Black Inkflow,60x240cm
B0DZQHB6ZQ,Grey & Black Inkflow,80x150cm
B0DZQ7PQ26,Grey & Black Inkflow,122x170cm
B0DZPZ97TN,Grey & Black Inkflow,152x213cm
B0DZQ7SMXB,Grey & Black Inkflow,200x290cm
B0DZQQW54L,Grey & Black Inkflow,240x330cm
B0DZQ9S3YY,Duck Egg Blue & Pink,60x180cm
B0DZQ9LQYH,Duck Egg Blue & Pink,60x240cm
B0DZQ79SN2,Duck Egg Blue & Pink,80x150cm
B0DZQH9WFS,Duck Egg Blue & Pink,122x170cm
B0DZQFQZRM,Duck Egg Blue & Pink,152x213cm
B0DZQJCCV4,Duck Egg Blue & Pink,200x290cm
B0DZQD4H19,Duck Egg Blue & Pink,240x330cm
B0DNL1MMRY,Greige Staircase,60x110cm
B0DNKZZNYC,Greige Staircase,60x180cm
B0DNKWTNTQ,Greige Staircase,60x240cm
B0DNL6JZVC,Greige Staircase,80x150cm
B0DNLGGWBP,Greige Staircase,122x170cm
B0DNKX3RKL,Greige Staircase,152x213cm
B0DNLLCYXL,Greige Staircase,200x290cm
B0DNLM7P61,Greige Staircase,240x330cm
B0DNLQ9D14,Golden Blocks,60x110cm
B0DNKZ5G4S,Golden Blocks,60x180cm
B0DNKXWSKB,Golden Blocks,60x240cm
B0DNLKY812,Golden Blocks,80x150cm
B0DNLDXBCR,Golden Blocks,122x170cm
B0DNLMBB6B,Golden Blocks,152x213cm
B0DNLLCHT1,Golden Blocks,200x290cm
B0DNKYNYP5,Golden Blocks,240x330cm
B0F4RT1K2Y,Antique Sand,275x366cm
B0F4RSF4GT,Ashen Cream,275x366cm
B0F4RWXZKW,Aesthetic Crimson Red,275x366cm
B0F4RVP8KT,Atlantis Blue & Brown,275x366cm
